date,states,positive,negative,pending,hospitalizedCurrently,hospitalizedCumulative,inIcuCurrently,inIcuCumulative,onVentilatorCurrently,onVentilatorCumulative,death,hospitalized,totalTestResults,deathIncrease,hospitalizedIncrease,negativeIncrease,positiveIncrease,totalTestResultsIncrease
2021-03-07,56,28755524,74579770,11808,40212,878613,8137,45475,2801,4281,515142,878613,363789451,839,726,130414,41265,1156241
2021-03-06,56,28714259,74449356,11783,41401,877887,8409,45453,2811,4280,514303,877887,362633210,1674,503,142201,59620,1409138
2021-03-05,56,28654639,74307155,12213,42541,877384,8634,45373,2889,4275,512629,877384,361224072,2221,2781,271917,68787,1744417
2021-03-04,56,28585852,74035238,12405,44172,874603,8970,45293,2973,4267,510408,874603,359479655,1743,1530,177957,65487,1590984
2021-03-03,56,28520365,73857281,11778,45462,873073,9359,45214,3094,4260,508665,873073,357888671,2449,2172,267001,66836,1406795
2021-03-02,56,28453529,73590280,11196,46388,870901,9465,45084,3169,4257,506216,870901,356481876,1728,1871,255779,54248,1343519
2021-03-01,56,28399281,73334501,11748,46738,869030,9595,44956,3171,4252,504488,869030,355138357,1241,1024,118077,48092,1154440
2021-02-28,56,28351189,73216424,11708,47352,868006,9802,44907,3245,4252,503247,868006,353983917,1051,879,203599,54349,1408422
2021-02-27,56,28296840,73012825,11731,48871,867127,10114,44875,3335,4252,502196,867127,352575495,1847,1428,205090,71245,1655179
2021-02-26,56,28225595,72807735,11945,51112,865699,10466,44791,3466,4247,500349,865699,350920316,2141,1933,276829,74857,1803309
2021-02-25,56,28150738,72530906,11813,52669,863766,10846,44636,3567,4233,498208,863766,349117007,3138,1982,272209,75565,1826144
2021-02-24,56,28075173,72258697,12548,54118,861784,11026,44534,3685,4227,495070,861784,347290863,2447,2172,245318,73258,1450666
2021-02-23,56,28001915,72013379,11200,55058,859612,11272,44420,3755,4214,492623,859612,345840197,2241,2164,225267,69105,1193835
2021-02-22,56,27932810,71788112,9499,55403,857448,11536,44266,3804,4200,490382,857448,344646362,1235,1305,123611,52530,1201247
2021-02-21,56,27880280,71664501,9442,56159,856143,11862,44216,3915,4197,489147,856143,343445115,1287,997,156778,58702,1232995
2021-02-20,56,27821578,71507723,9408,58222,855146,12120,44166,3932,4197,487860,855146,342212120,2160,1732,141790,72354,1290481
2021-02-19,56,27749224,71365933,8711,59882,853414,12491,44085,4118,4187,485700,853414,340921639,2477,2674,224755,74676,1878033
2021-02-18,56,27674548,71141178,8679,62300,850740,13045,43964,4180,4178,483223,850740,339043606,2616,2497,218491,66824,1345849
2021-02-17,56,27607724,70922687,8548,63405,848243,13103,43823,4271,4154,480607,848243,337697757,2348,2857,233666,66839,1298421
2021-02-16,56,27540885,70689021,11547,64533,845386,13616,43673,4406,4149,478259,845386,336399336,1353,2094,101102,56312,1053698
2021-02-15,56,27484573,70587919,11494,65455,843292,13799,43553,4454,4143,476906,843292,335345638,1078,1130,143388,55077,1123560
2021-02-14,56,27429496,70444531,11515,67023,842162,14047,43516,4538,4141,475828,842162,334222078,1366,1236,171877,72164,1439631
2021-02-13,56,27357332,70272654,11529,69283,840926,14396,43463,4648,4140,474462,840926,332782447,3467,1805,234293,90642,1757608
2021-02-12,56,27266690,70038361,9434,71497,839121,14775,43389,4849,4126,470995,839121,331024839,5427,2347,255983,101030,1812454
2021-02-11,56,27165660,69782378,11981,74225,836774,15190,43291,4970,4113,465568,836774,329212385,3873,2460,260124,102417,1855929
2021-02-10,56,27063243,69522254,12079,76979,834314,15788,43184,5121,4106,461695,834314,327356456,3445,3226,155861,95194,1382709
2021-02-09,56,26968049,69366393,10516,79179,831088,16129,43000,5216,4092,458250,831088,325973747,2795,3144,337168,92986,1488481
2021-02-08,56,26875063,69029225,12114,80055,827944,16174,42833,5260,4080,455455,827944,324485266,1309,1638,142156,77737,1400009
2021-02-07,56,26797326,68887069,12061,81439,826306,16616,42779,5342,4079,454146,826306,323085257,1475,1543,208303,95994,1498808
2021-02-06,56,26701332,68678766,12070,84233,824763,17093,42730,5475,4078,452671,824763,321586449,2994,2443,282477,114557,1888854
2021-02-05,56,26586775,68396289,11546,86373,822320,17284,42626,5596,4060,449677,822320,319697595,3543,2940,270754,131146,1868496
2021-02-04,56,26455629,68125535,11914,88668,819380,17918,42472,5732,4059,446134,819380,317829099,5212,3402,217496,123907,1663995
2021-02-03,56,26331722,67908039,12077,91440,815978,18147,42323,5920,4044,440922,815978,316165104,3685,3975,224499,116960,1384881
2021-02-02,56,26214762,67683540,10590,92880,812003,18388,42148,6047,4035,437237,812003,314780223,3486,3285,167082,117616,1385595
2021-02-01,56,26097146,67516458,11957,93536,808718,18572,41998,6086,4025,433751,808718,313394628,1562,1766,344975,120200,1507545
2021-01-31,56,25976946,67171483,12007,95013,806952,18968,41934,6291,4019,432189,806952,311887083,2059,2171,224593,119367,1725724
2021-01-30,56,25857579,66946890,11986,97561,804781,19130,41872,6329,4016,430130,804781,310161359,2982,3147,232299,148824,2139579
2021-01-29,56,25708755,66714591,12400,101003,801634,19609,41758,6483,4011,427148,801634,308021780,3503,2835,284168,167111,1955101
2021-01-28,56,25541644,66430423,12095,104303,798799,20113,41588,6642,4000,423645,798799,306066679,4011,3500,269667,157306,1936761
2021-01-27,56,25384338,66160756,11972,107444,795299,20497,41402,6806,3985,419634,795299,304129918,4077,4134,244553,153985,1626393
2021-01-26,56,25230353,65916203,9879,108960,791165,20573,41205,6832,3976,415557,791165,302503525,3734,3705,377450,146448,1733799
2021-01-25,56,25083905,65538753,10963,109936,787460,20875,41028,6857,3949,411823,787460,300769726,1593,2515,217006,133454,1630391
2021-01-24,56,24950451,65321747,10892,110628,784945,21168,40931,6989,3943,410230,784945,299139335,1944,1909,223447,144234,1792892
2021-01-23,56,24806217,65098300,10864,113609,783036,21657,40853,7110,3941,408286,783036,297346443,3591,6652,274547,177118,1990072
2021-01-22,56,24629099,64823753,11247,116264,776384,22008,40687,7236,3919,404695,776384,295356371,3980,4325,284392,190915,2022028
2021-01-21,56,24438184,64539361,10907,119949,772059,22309,40481,7370,3910,400715,772059,293334343,3878,4053,256168,186275,1922155
2021-01-20,56,24251909,64283193,10841,122700,768006,22809,40340,7564,3897,396837,768006,291412188,4409,5105,312902,189203,1821802
2021-01-19,56,24062706,63970291,10472,123820,762901,23029,40103,7688,3883,392428,762901,289590386,2141,3206,370922,146626,1637938
2021-01-18,56,23916080,63599369,11477,123848,759695,23226,39973,7772,3865,390287,759695,287952448,1395,2839,192825,150792,1771268
2021-01-17,56,23765288,63406544,11404,124387,756856,23432,39864,7797,3860,388892,756856,286181180,2053,2167,277842,187218,1916756
2021-01-16,56,23578070,63128702,11334,126139,754689,23524,39797,7755,3858,386839,754689,284264424,3709,4039,226342,218085,2116224
2021-01-15,56,23359985,62902360,11948,127235,750650,23593,39626,7772,3845,383130,750650,282148200,3679,4000,410997,246454,2309884
2021-01-14,56,23113531,62491363,12138,128947,746650,23891,39418,7878,3829,379451,746650,279838316,3915,3792,305894,225616,2048899
2021-01-13,56,22887915,62185469,10942,130391,742858,23857,39248,7902,3811,375536,742858,277789417,4087,5312,237885,224491,1827396
2021-01-12,56,22663424,61947584,9181,131326,737546,23881,39049,7879,3796,371449,737546,275962021,4064,4657,428795,218020,1944234
2021-01-11,56,22445404,61518789,11039,129793,732889,23501,38823,7786,3773,367385,732889,274017787,1733,3045,225808,195255,1695767
2021-01-10,56,22250149,61292981,10957,129223,729844,23640,38706,7878,3771,365652,729844,272322020,2068,2413,270382,228732,2051661
2021-01-09,56,22021417,61022599,10850,130781,727431,23718,38607,7791,3767,363584,727431,270270359,3537,6683,290183,269368,2137700
2021-01-08,56,21752049,60732416,11633,131921,720748,23912,38432,7908,3756,360047,720748,268132659,3780,4705,320284,295121,2146223
2021-01-07,56,21456928,60412132,11612,132370,716043,23821,38236,7900,3748,356267,716043,265986436,4079,5312,246578,272043,1928262
2021-01-06,56,21184885,60165554,10062,132474,710731,23708,38064,7946,3739,352188,710731,264058174,3902,6607,263088,250184,1650493
2021-01-05,56,20934701,59902466,8008,131195,704124,23509,37841,7976,3718,348286,704124,262407681,3484,4290,480256,219075,1721007
2021-01-04,56,20715626,59422210,9463,128210,699834,23435,37586,7930,3692,344802,699834,260686674,1547,3892,148614,179571,1512611
2021-01-03,56,20536055,59273596,9407,125562,695942,23243,37433,7939,3688,343255,695942,259174063,1455,2226,215583,208457,1444257
2021-01-02,56,20327598,59058013,9356,123614,693716,23133,37309,7910,3684,341800,693716,257729806,2406,3051,221792,280318,1934350
2021-01-01,56,20047280,58836221,11506,125047,690665,23255,37196,7990,3681,339394,690665,255795456,2592,4550,192048,182906,1545537
2020-12-31,56,19864374,58644173,14931,125423,686115,23097,37066,8004,3672,336802,686115,254249919,3297,4348,262855,226246,1797220
2020-12-30,56,19638128,58381318,14200,125220,681767,23069,36855,7930,3653,333505,681767,252452699,3900,5514,215107,229496,1583713
2020-12-29,56,19408632,58166211,9939,124686,676253,22838,36583,7885,3635,329605,676253,250868986,3289,5261,201698,199679,1343514
2020-12-28,56,19208953,57964513,10365,121202,670992,22579,36308,7948,3612,326316,670992,249525472,1490,3723,309721,164127,1332122
2020-12-27,56,19044826,57654792,10280,118720,667269,22447,36164,7878,3604,324826,667269,248193350,1397,2302,204288,153540,1395240
2020-12-26,56,18891286,57450504,10229,117344,664967,22373,36038,7809,3593,323429,664967,246798110,1426,2292,214555,190594,1974298
2020-12-25,56,18700692,57235949,10214,118948,662675,22418,35945,7831,3592,322003,662675,244823812,1553,2047,170690,126796,1568040
2020-12-24,56,18573896,57065259,14410,120200,660628,22623,35899,7792,3587,320450,660628,243255772,2958,4289,322117,206684,2031894
2020-12-23,56,18367212,56743142,13784,119463,656339,22489,35695,7819,3579,317492,656339,241223878,3393,4795,304962,224526,1791481
2020-12-22,56,18142686,56438180,9934,117777,651544,22213,35428,7830,3554,314099,651544,239432397,3137,4567,268046,193008,1770133
2020-12-21,56,17949678,56170134,12425,115358,646977,21884,35178,7783,3539,310962,646977,237662264,1480,3111,439796,179406,1974590
2020-12-20,56,17770272,55730338,12410,113601,643866,21763,35030,7695,3530,309482,643866,235687674,1668,2382,249266,197494,1821629
2020-12-19,56,17572778,55481072,12420,113914,641484,21692,34949,7786,3529,307814,641484,233866045,2708,3429,200763,204873,1859539
2020-12-18,56,17367905,55280309,13454,113955,638055,21745,34716,7786,3519,305106,638055,232006506,2866,5214,450795,241786,2193466
2020-12-17,56,17126119,54829514,13003,114492,632841,21912,34485,7848,3504,302240,632841,229813040,3465,5167,246432,242970,1912697
2020-12-16,56,16883149,54583082,12843,113257,627674,21943,34237,7782,3488,298775,627674,227900343,3453,4776,303846,234288,1839996
2020-12-15,56,16648861,54279236,9693,112816,622898,21897,33958,7702,3460,295322,622898,226060347,2924,4430,316712,193218,1833138
2020-12-14,56,16455643,53962524,11448,110573,618468,21458,33693,7699,3442,292398,618468,224227209,1357,3461,456078,193286,2010951
2020-12-13,56,16262357,53506446,11382,109298,615007,21230,33494,7535,3432,291041,615007,222216258,1501,2314,299810,187251,1827310
2020-12-12,56,16075106,53206636,11345,108461,612693,21198,33419,7515,3430,289540,612693,220388948,2497,3789,226203,226904,1919896
2020-12-11,56,15848202,52980433,13421,108101,608904,21012,33237,7488,3424,287043,608904,218469052,2747,5411,350441,236933,1969509
2020-12-10,56,15611269,52629992,12409,107300,603493,21024,32919,7444,3394,284296,603493,216499543,3132,4450,311589,220846,1967578
2020-12-09,56,15390423,52318403,13186,106671,599043,20903,32720,7621,3376,281164,599043,214531965,3169,5300,378319,216728,1832545
2020-12-08,56,15173695,51940084,9806,104637,593743,20475,32406,7251,3359,277995,593743,212699420,2680,4410,292335,217844,1690914
2020-12-07,56,14955851,51647749,13484,102122,589333,20097,32120,7067,3328,275315,589333,211008506,1291,3461,269111,181897,1653269
2020-12-06,56,14773954,51378638,13592,101501,585872,20145,31946,7095,3322,274024,585872,209355237,1163,2311,299691,182580,1675779
2020-12-05,56,14591374,51078947,13433,101192,583561,19947,31831,7006,3321,272861,583561,207679458,2486,3513,356778,219070,2302086
2020-12-04,56,14372304,50722169,12714,101309,580048,19853,31608,6992,3305,270375,580048,205377372,2563,4654,310395,230313,1918739
2020-12-03,56,14141991,50411774,15106,100746,575394,19714,31276,6871,3280,267812,575394,203458633,2822,5369,306223,216271,1904020
2020-12-02,56,13925720,50105551,14368,100327,570025,19687,31038,6855,3252,264990,570025,201554613,2811,5238,-658774,203429,1587969
2020-12-01,56,13722291,50764325,8764,98736,564787,19292,30749,6643,3223,262179,564787,199966644,2489,4916,263699,181183,1494046
2020-11-30,56,13541108,50500626,14883,96134,559871,18807,30469,6520,3205,259690,559871,198472598,1037,3394,344231,150031,1520240
2020-11-29,56,13391077,50156395,14860,93357,556477,18437,30274,6245,3184,258653,556477,196952358,825,2429,226788,137254,1337135
2020-11-28,56,13253823,49929607,14780,91762,554048,18249,30109,6148,3179,257828,554048,195615223,1243,3485,324413,151469,1675224
2020-11-27,56,13102354,49605194,14854,89913,550563,18056,29858,6028,3171,256585,550563,193939999,1404,3418,384580,198874,1970528
2020-11-26,56,12903480,49220614,14856,90564,547145,18019,29673,5986,3153,255181,547145,191969471,1392,2333,179941,129764,1467611
2020-11-25,56,12773716,49040673,14060,90043,544812,17738,29540,5987,3147,253789,544812,190501860,2281,4538,394165,188496,1881059
2020-11-24,56,12585220,48646508,9962,88132,540274,17317,29245,5626,3123,251508,540274,188620801,2091,4685,360586,166503,1873837
2020-11-23,56,12418717,48285922,17617,85945,535589,17060,28990,5455,3106,249417,535589,186746964,853,2835,331207,154696,1671011
2020-11-22,56,12264021,47954715,17578,83882,532754,16411,28828,5233,3094,248564,532754,185075953,923,2291,373855,154188,1818793
2020-11-21,56,12109833,47580860,17683,83346,530463,16264,28693,5103,3087,247641,530463,183257160,1551,3375,376533,186385,2140465
2020-11-20,56,11923448,47204327,16221,82318,527088,16146,28472,5058,3078,246090,527088,181116695,1910,3903,448167,197164,2004886
2020-11-19,56,11726284,46756160,14596,80669,523185,15759,28216,4860,3052,244180,523185,179111809,2010,4456,324389,187932,1845354
2020-11-18,56,11538352,46431771,12971,79478,518729,15557,27989,4699,3024,242170,518729,177266455,1885,4352,346915,168220,1701006
2020-11-17,56,11370132,46084856,9281,77047,514377,15009,27681,4379,3004,240285,514377,175565449,1553,3887,300498,159826,1634272
2020-11-16,56,11210306,45784358,13639,73320,510490,14471,27437,4156,2988,238732,510490,173931177,607,2907,249458,149977,1484630
2020-11-15,56,11060329,45534900,13654,70202,507583,13849,27269,3939,2975,238125,507583,172446547,712,1868,400351,147062,1626437
2020-11-14,56,10913267,45134549,13657,69588,505715,13491,27172,3945,2972,237413,505715,170820110,1353,3468,300446,167726,1785889
2020-11-13,56,10745541,44834103,12010,68585,502247,13280,26997,3766,2967,236060,502247,169034221,1301,3673,331974,174633,1742559
2020-11-12,56,10570908,44502129,11385,67236,498574,12917,26803,3622,2954,234759,498574,167291662,1112,3562,271550,157542,1607551
2020-11-11,56,10413366,44230579,11287,65549,495012,12626,26584,3365,2947,233647,495012,165684111,1577,3281,283243,149333,1503560
2020-11-10,56,10264033,43947336,8579,62119,491731,12057,26335,3202,2922,232070,491731,164180551,1358,4070,203377,135569,1386936
2020-11-09,56,10128464,43743959,23458,59342,487661,11636,26087,3111,2907,230712,487661,162793615,577,2176,283666,118403,1314380
2020-11-08,56,10010061,43460293,23353,56942,485485,11223,25819,2977,2900,230135,485485,161479235,513,1467,239635,112445,1266058
2020-11-07,56,9897616,43220658,23295,56037,484018,11215,25721,2947,2898,229622,484018,160213177,1125,2341,357869,132113,1546164
2020-11-06,56,9765503,42862789,11804,55005,481677,11213,25498,2850,2885,228497,481677,158667013,1185,3121,314445,129990,1772955
2020-11-05,56,9635513,42548344,11233,53380,478556,11050,25276,2876,2872,227312,478556,156894058,1154,2553,302427,119023,1561062
2020-11-04,56,9516490,42245917,10117,52166,476003,10892,25041,2832,2853,226158,476003,155332996,1131,3107,202598,105996,1318451
2020-11-03,56,9410494,42043319,8003,50509,472896,10538,24796,2734,2833,225027,472896,154014545,1517,3135,255848,119949,1269152
2020-11-02,56,9290545,41787471,10655,48750,469761,9957,24560,2633,2809,223510,469761,152745393,475,1399,283444,83454,1238898
2020-11-01,56,9207091,41504027,10617,47615,468362,9665,24457,2553,2797,223035,468362,151506495,410,1166,228603,141973,1160138
2020-10-31,56,9065118,41275424,10635,47486,467196,9613,24375,2502,2786,222625,467196,150346357,958,2116,325765,91294,1473444
2020-10-30,56,8973824,40949659,11120,46880,465080,9550,24230,2477,2776,221667,465080,148872913,947,2403,206695,97942,1423126
2020-10-29,56,8875882,40742964,10481,46191,462677,9320,24082,2399,2760,220720,462677,147449787,1060,2321,317094,89365,1453174
2020-10-28,56,8786517,40425870,9600,45214,460356,9133,23883,2354,2744,219660,460356,145996613,1047,2461,265933,79700,1150428
2020-10-27,56,8706817,40159937,8129,44391,457895,8985,23701,2283,2719,218613,457895,144846185,922,2290,220640,72255,1150455
2020-10-26,56,8634562,39939297,11083,42988,455605,8946,23542,2300,2703,217691,455605,143695730,397,1697,268034,63430,1131572
2020-10-25,56,8571132,39671263,11093,41883,453908,8590,23420,2176,2693,217294,453908,142564158,391,1076,268680,64471,1222362
2020-10-24,56,8506661,39402583,11087,42087,452832,8675,23356,2230,2691,216903,452832,141341796,896,1822,259771,83792,1370239
2020-10-23,56,8422869,39142812,11853,41614,451010,8342,23221,2180,2679,216007,451010,139971557,949,15058,304853,82575,1444382
2020-10-22,56,8340294,38837959,12222,41114,435952,8180,23018,2147,2641,215058,435952,138527175,1117,2505,301777,73419,1305768
2020-10-21,56,8266875,38536182,10241,40397,433447,8291,22855,2083,2622,213941,433447,137221407,1028,2123,201552,61710,1055928
2020-10-20,56,8205165,38334630,8014,39391,431324,8206,22662,2042,2593,212913,431324,136165479,833,2309,201519,60574,1034354
2020-10-19,56,8144591,38133111,12138,37976,429015,8063,22475,1804,2577,212080,429015,135131125,443,1605,347469,57650,1100768
2020-10-18,56,8086941,37785642,12059,36536,427410,7383,22391,1762,2557,211637,427410,134030357,405,813,193978,47957,1074271
2020-10-17,56,8038984,37591664,12109,37474,426597,7466,22320,1791,2553,211232,426597,132956086,780,1546,260557,57675,1329098
2020-10-16,56,7981309,37331107,13091,37479,425051,7333,22202,1740,2547,210452,425051,131626988,891,1866,272444,68505,1247307
2020-10-15,56,7912804,37058663,13001,37423,423185,7303,22051,1773,2531,209561,423185,130379681,928,2010,263255,63641,1182695
2020-10-14,56,7849163,36795408,11100,37184,421175,7236,21889,1775,2516,208633,421175,129196986,801,2437,144110,57240,1114421
2020-10-13,56,7791923,36651298,8008,36171,418738,7104,21735,1757,2485,207832,418738,128082565,718,2058,212674,46979,1090310
2020-10-12,56,7744944,36438624,11329,35148,416680,6860,21625,1663,2464,207114,416680,126992255,285,1106,212125,43234,950118
2020-10-11,56,7701710,36226499,11261,34609,415574,6749,21553,1646,2454,206829,415574,126042137,471,981,219640,46672,1101794
2020-10-10,56,7655038,36006859,11223,34700,414593,6752,21512,1667,2451,206358,414593,124940343,691,1486,298554,57635,1304994
2020-10-09,56,7597403,35708305,13078,34974,413107,6775,21389,1651,2437,205667,413107,123635349,913,1735,280432,56993,1270461
2020-10-08,56,7540410,35427873,13087,34446,411372,6694,21217,1638,2427,204754,411372,122364888,979,2134,6923,55308,1225426
2020-10-07,56,7485102,35420950,12269,33565,409238,6591,21112,1650,2410,203775,409238,121139462,929,2138,232274,51216,1081509
2020-10-06,56,7433886,35188676,8680,32726,407100,6490,20973,1609,2388,202846,407100,120057953,613,-752,185103,38846,954557
2020-10-05,56,7395040,35003573,11544,31426,407852,6292,20812,1514,2370,202233,407852,119103396,331,1447,243549,37752,937566
2020-10-04,56,7357288,34760024,11471,30063,406405,6056,20729,1485,2362,201902,406405,118165830,380,663,298235,38165,1026748
2020-10-03,56,7319123,34461789,11464,30209,405742,6073,20686,1501,2358,201522,405742,117139082,738,1088,182570,50874,1126528
2020-10-02,56,7268249,34279219,10813,30880,404654,6195,20612,1534,2348,200784,404654,116012554,842,1443,311588,49427,1216123
2020-10-01,56,7218822,33967631,13003,30942,403211,6262,20492,1543,2334,199942,403211,114796431,862,1757,214834,45720,1016972
2020-09-30,56,7173102,33752797,9431,31021,401454,6241,20390,1510,2319,199080,401454,113779459,1064,1618,226976,44909,976422
2020-09-29,56,7128193,33525821,7695,30601,399836,6172,20247,1497,2298,198016,399836,112803037,724,1673,203930,36766,992038
2020-09-28,56,7091427,33321891,11112,29696,398163,6048,20121,1513,2285,197292,398163,111810999,246,1181,258394,35376,991825
2020-09-27,56,7056051,33063497,11136,29579,396982,6170,20050,1511,2277,197046,396982,110819174,310,613,193116,34990,932751
2020-09-26,56,7021061,32870381,11183,29670,396369,6143,20002,1509,2272,196736,396369,109886423,873,1225,277523,47268,1141392
2020-09-25,56,6973793,32592858,10905,29888,395144,6220,19919,1508,2264,195863,395144,108745031,847,1322,273712,55237,1151382
2020-09-24,56,6918556,32319146,12008,30159,393822,6274,19555,1560,2177,195016,393822,107593649,938,1484,254550,43341,1010190
2020-09-23,56,6875215,32064596,10535,30015,392338,6200,19452,1545,2154,194078,392338,106583459,1156,1454,223960,39498,1013367
2020-09-22,56,6835717,31840636,7999,29645,390884,6188,19324,1558,2130,192922,390884,105570092,859,1534,258099,48986,917213
2020-09-21,56,6786731,31582537,13241,28849,389350,6138,19353,1570,2116,192063,389350,104652879,281,1064,146752,39162,750351
2020-09-20,56,6747569,31435785,13192,28724,388286,6100,19281,1595,2112,191782,388286,103902528,327,525,265956,35533,994272
2020-09-19,56,6712036,31169829,13217,29185,387761,6163,19243,1577,2111,191455,387761,102908256,747,1051,279068,45668,1169942
2020-09-18,56,6666368,30890761,11805,29651,386710,6175,19163,1608,2107,190708,386710,101738314,901,1423,277046,46889,1094695
2020-09-17,56,6619479,30613715,11768,30035,385287,6285,19057,1662,2092,189807,385287,100643619,880,1549,245451,43642,990095
2020-09-16,56,6575837,30368264,10587,30345,383738,6303,18961,1647,2090,188927,383738,99653524,1190,1461,182360,40319,839956
2020-09-15,56,6535518,30185904,4966,30427,382277,6308,18847,1574,2071,187737,382277,98813568,1034,1484,216815,34778,852734
2020-09-14,56,6500740,29969089,10494,30071,380793,6249,18748,1513,2061,186703,380793,97960834,407,912,198825,33572,821093
2020-09-13,56,6467168,29770264,10467,29921,379881,6233,18692,1562,2056,186296,379881,97139741,392,545,226347,34579,792700
2020-09-12,56,6432589,29543917,10403,30758,379336,6451,18648,1619,2051,185904,379336,96347041,817,1145,227638,41850,1020760
2020-09-11,56,6390739,29316279,10813,31530,378191,6376,18549,1716,2031,185087,378191,95326281,1015,1510,244892,44698,937575
2020-09-10,56,6346041,29071387,10530,32521,376681,6522,18453,1923,2008,184072,376681,94388706,1161,1498,197077,37409,821387
2020-09-09,56,6308632,28874310,6551,32653,375183,6659,18322,1906,1994,182911,375183,93567319,1088,1970,191966,30733,751002
2020-09-08,56,6277899,28682344,8983,32339,373213,6543,18189,1881,1975,181823,373213,92816317,347,934,123290,22310,546859
2020-09-07,56,6255589,28559054,8986,32116,372279,6630,18156,1879,1967,181476,372279,92269458,227,474,191875,28117,670866
2020-09-06,56,6227472,28367179,8946,32497,371805,6700,18125,1912,1960,181249,371805,91598592,452,499,206134,33033,764565
2020-09-05,56,6194439,28161045,9021,33626,371306,6766,18089,1956,1956,180797,371306,90834027,926,1173,218536,44860,993565
2020-09-04,56,6149579,27942509,10118,34177,370133,6922,18012,1998,1943,179871,370133,89840462,999,1249,256511,51600,1089037
2020-09-03,56,6097979,27685998,9987,34753,368884,6923,17894,2038,1928,178872,368884,88751425,1072,1488,227081,44643,909820
2020-09-02,56,6053336,27458917,9293,35660,367396,7091,17784,2027,1918,177800,367396,87841605,1035,1521,211097,30655,796145
2020-09-01,56,6022681,27247820,6647,35338,365875,7084,17655,2041,1902,176765,365875,87045460,1014,1867,179210,42242,796530
2020-08-31,56,5980439,27068610,11128,35453,364008,7047,17537,2075,1877,175751,364008,86248930,380,710,180728,31720,680649
2020-08-30,56,5948719,26887882,11148,35801,363298,7268,17439,2055,1870,175371,363298,85568281,477,662,220802,38766,823350
2020-08-29,56,5909953,26667080,11151,36516,362636,7413,17401,2062,1864,174894,362636,84744931,1017,1299,257166,43995,947087
2020-08-28,56,5865958,26409914,10428,37356,361337,7564,17304,2087,1856,173877,361337,83797844,1020,1642,224635,46115,938465
2020-08-27,56,5819843,26185279,11168,37498,359695,7712,17181,2128,1831,172857,359695,82859379,1128,1654,243599,44111,857577
2020-08-26,56,5775732,25941680,4081,38515,358041,7742,17046,2143,1809,171729,358041,82001802,1300,1804,216584,44331,772668
2020-08-25,56,5731401,25725096,4091,38831,356237,7854,16920,2161,1789,170429,356237,81229134,1140,1988,224504,36839,743872
2020-08-24,56,5694562,25500592,4143,38806,354249,7854,16787,2112,1764,169289,354249,80485262,341,1031,219639,34543,714951
2020-08-23,56,5660019,25280953,4149,39064,353218,7949,16697,2131,1737,168948,353218,79770311,577,698,128482,37900,725718
2020-08-22,56,5622119,25152471,4154,40017,352520,8207,16657,2204,1736,168371,352520,79044593,1035,1603,229726,46054,908182
2020-08-21,56,5576065,24922745,4199,41049,350917,8358,16563,2288,1730,167336,350917,78136411,1119,1783,251599,46456,915434
2020-08-20,56,5529609,24671146,4170,42109,349134,8486,16487,2330,1716,166217,349134,77220977,1129,1983,208472,43844,864210
2020-08-19,56,5485765,24462674,4374,43406,347151,8747,16377,2375,1705,165088,347151,76356767,1411,1983,243232,45073,832115
2020-08-18,56,5440692,24219442,4412,43840,345168,8859,16123,2467,1695,163677,345168,75524652,1179,2261,205817,40070,771994
2020-08-17,56,5400622,24013625,4298,43614,342907,8881,15985,2444,1678,162498,342907,74752658,411,1224,186974,37751,702582
2020-08-16,56,5362871,23826651,4302,44155,341683,8958,15924,2481,1665,162087,341683,74050076,617,685,258191,42503,785200
2020-08-15,56,5320368,23568460,4452,44922,340998,9087,15891,2526,1663,161470,340998,73264876,1227,1891,249234,56046,893080
2020-08-14,56,5264322,23319226,4415,45868,339107,9277,15764,2555,1665,160243,339107,72371796,1226,2141,309137,57101,990725
2020-08-13,56,5207221,23010089,4239,47303,336966,9480,15629,2574,1649,159017,336966,71381071,1163,2675,256634,51763,954412
2020-08-12,56,5155458,22753455,4174,48067,334291,9564,15524,2602,1629,157854,334291,70426659,1517,2971,235552,56186,813796
2020-08-11,56,5099272,22517903,4118,48600,331320,9135,15331,2422,1612,156337,331320,69612863,1320,2624,230600,54935,845183
2020-08-10,56,5044337,22287303,3966,48751,328696,9209,15158,2529,1592,155017,328696,68767680,430,1554,210324,41370,741379
2020-08-09,56,5002967,22076979,3871,48997,327142,9307,15081,2507,1578,154587,327142,68026301,621,862,260584,50766,803537
2020-08-08,56,4952201,21816395,3888,50071,326280,9662,15024,2566,1561,153966,326280,67222764,1086,1494,193121,53529,789814
2020-08-07,56,4898672,21623274,3988,51327,324786,9698,14925,2628,1549,152880,324786,66432950,1323,7994,263766,60823,890426
2020-08-06,56,4837849,21359508,3903,53219,316792,9996,14810,2714,1534,151557,316792,65542524,1241,2615,267211,54048,848687
2020-08-05,56,4783801,21092297,3842,53435,314177,9988,14687,2721,1524,150316,314177,64693837,1355,2118,231712,52698,816864
2020-08-04,56,4731103,20860585,3789,53436,312059,10207,14537,2701,1493,148961,312059,63876973,1241,4423,237419,51198,806693
2020-08-03,56,4679905,20623166,3662,53517,307636,10233,14370,2664,1463,147720,307636,63070280,516,1558,208433,42738,712084
2020-08-02,56,4637167,20414733,3888,54106,306078,10415,14288,2645,1448,147204,306078,62358196,496,831,250686,53301,790665
2020-08-01,56,4583866,20164047,3975,54554,305247,10450,14227,2698,1445,146708,305247,61567531,1201,2386,233394,60679,817592
2020-07-31,56,4523187,19930653,3956,55721,302861,10473,14044,2701,1437,145507,302861,60749939,1328,2532,98386,67827,988464
2020-07-30,56,4455360,19832267,3947,56571,300329,10519,13875,2762,1415,144179,300329,59761475,1248,3291,261819,68961,887682
2020-07-29,56,4386399,19570448,3840,57422,297038,10535,13744,2771,1400,142931,297038,58873793,1503,2860,286097,64143,908717
2020-07-28,56,4322256,19284351,3600,57185,294178,10463,13559,2748,1372,141428,294178,57965076,1111,4068,235635,58457,842374
2020-07-27,56,4263799,19048716,3398,58987,290110,10328,13412,2723,1356,140317,290110,57122702,1066,1631,241474,54479,768987
2020-07-26,56,4209320,18807242,3361,58731,288479,10353,13343,2723,1336,139251,288479,56353715,561,1380,290147,60768,859179
2020-07-25,56,4148552,18517095,3377,59382,287099,10380,13279,2729,1300,138690,287099,55494536,1014,1820,281095,64845,882389
2020-07-24,56,4083707,18236000,3409,59800,285279,10389,13182,2709,1297,137676,285279,54612147,1175,3063,313787,75061,1007671
2020-07-23,56,4008646,17922213,3179,59860,282216,10423,12933,2467,1280,136501,282216,53604476,1070,2373,310508,71436,929251
2020-07-22,56,3937210,17611705,3051,59758,279843,10460,12790,2444,1258,135431,279843,52675225,1149,2238,263283,69422,901870
2020-07-21,56,3867788,17348422,3197,59476,277605,6717,12629,2414,1242,134282,277605,51773355,1041,2551,240960,62920,833566
2020-07-20,56,3804868,17107462,3003,58518,275054,6551,12475,2403,1223,133241,275054,50939789,376,1563,246497,56663,737209
2020-07-19,56,3748205,16860965,3052,58052,273491,6384,12393,2362,1216,132865,273491,50202580,527,888,266177,64230,789513
2020-07-18,56,3683975,16594788,3032,57822,272603,6397,12342,2343,1211,132338,272603,49413067,876,1992,214410,64750,869668
2020-07-17,56,3619225,16380378,3002,57871,270611,6451,12243,2352,1200,131462,270611,48543399,939,2485,277945,76524,943532
2020-07-16,56,3542701,16102433,2929,57602,268126,6349,12091,2314,1175,130523,268126,47599867,941,2210,286947,70489,948000
2020-07-15,56,3472212,15815486,2947,56340,265916,6328,12002,2322,1166,129582,265916,46651867,863,2388,268202,69373,913964
2020-07-14,56,3402839,15547284,960,55678,263528,6238,11857,2263,1154,128719,263528,45737903,741,2246,259542,58609,835205
2020-07-13,56,3344230,15287742,2610,54118,261282,6063,11749,2254,1142,127978,261282,44902698,329,1120,225250,57160,764696
2020-07-12,56,3287070,15062492,2639,52860,260162,5930,11679,2182,1136,127649,260162,44138002,472,894,263609,61605,796940
2020-07-11,56,3225465,14798883,2618,51982,259268,5939,11612,2169,1128,127177,259268,43341062,755,5088,264909,62569,836027
2020-07-10,56,3162896,14533974,2493,51724,254180,5899,11523,2192,1118,126422,254180,42505035,839,2196,288642,67111,912598
2020-07-09,56,3095785,14245332,2530,44051,251984,5843,11370,2129,1138,125583,251984,41592437,863,1661,283969,59062,846616
2020-07-08,56,3036723,13961363,2360,43207,250323,5872,11303,2167,1103,124720,250323,40745821,819,1890,211173,62813,780578
2020-07-07,56,2973910,13750190,2136,41949,248433,5838,11177,2102,1084,123901,248433,39965243,905,1976,208560,50990,742033
2020-07-06,56,2922920,13541630,1907,39960,246457,5678,11058,2104,1070,122996,246457,39223210,237,762,171559,40925,650829
2020-07-05,56,2881995,13370071,1885,38872,245695,5653,11010,2080,1064,122759,245695,38572381,209,582,211440,45334,620599
2020-07-04,56,2836661,13158631,2083,38281,245113,5633,10977,1982,1063,122550,245113,37951782,296,872,211195,54881,690846
2020-07-03,56,2781780,12947436,2237,37927,244241,5597,10936,2049,1059,122254,244241,37260936,603,1358,247534,54199,796182
2020-07-02,56,2727581,12699902,2208,37646,242883,5636,10843,2104,1041,121651,242883,36464754,699,1697,228663,53511,774335
2020-07-01,56,2674070,12471239,2604,36526,241186,5492,10752,2099,1027,120952,241186,35690419,698,1429,224206,51046,729493
2020-06-30,56,2623024,12247033,2432,35337,239757,5426,10669,2044,1008,120254,239757,34960926,579,1473,225256,47010,710726
2020-06-29,56,2576014,12021777,2194,33742,238284,5389,10542,2021,990,119675,238284,34250200,336,731,246910,39398,661374
2020-06-28,56,2536616,11774867,2198,32575,237553,5252,10473,2077,983,119339,237553,33588826,273,547,227957,41745,613978
2020-06-27,56,2494871,11546910,2186,32566,237006,5314,10415,2159,977,119066,237006,32974848,508,1058,215921,43058,721135
2020-06-26,56,2451813,11330989,2201,31850,235948,5290,10334,2069,966,118558,235948,32253713,618,1542,220349,44340,793454
2020-06-25,56,2407473,11110640,2133,31922,234406,5319,10257,2214,951,117940,234406,31460259,648,1296,247894,39707,715570
2020-06-24,56,2367766,10862746,2049,31270,233110,5292,10173,2247,934,117292,233110,30744689,704,1246,184637,39117,562962
2020-06-23,56,2328649,10678109,1891,30355,231864,5392,10077,2292,918,116588,231864,30181727,724,1271,171427,33447,670015
2020-06-22,56,2295202,10506682,2028,28963,230593,5325,10002,2301,909,115864,230593,29511712,288,824,166595,26829,499163
2020-06-21,56,2268373,10340087,2084,28325,229769,5195,9944,2321,904,115576,229769,29012549,293,519,172865,29188,505598
2020-06-20,56,2239185,10167222,2108,28084,229250,5229,9908,2380,888,115283,229250,28506951,615,699,198745,32236,611463
2020-06-19,56,2206949,9968477,2032,28693,228551,5337,9876,2433,884,114668,228551,27895488,652,1578,234737,30865,663567
2020-06-18,56,2176084,9733740,1903,28538,226973,5472,9736,2518,869,114016,226973,27231921,682,1108,185993,27042,556712
2020-06-17,56,2149042,9547747,1745,28647,225865,5608,9665,2584,857,113334,225865,26675209,780,1077,193666,24153,561448
2020-06-16,56,2124889,9354081,1604,28370,224788,5570,9590,2591,845,112554,224788,26113761,720,1184,180528,22838,504724
2020-06-15,56,2102051,9173553,1619,28034,223604,5700,9516,2636,835,111834,223604,25609037,385,664,167343,18255,448011
2020-06-14,56,2083796,9006210,1672,28020,222940,5749,9466,2716,834,111449,222940,25161026,355,610,169214,21658,477533
2020-06-13,56,2062138,8836996,1698,28578,222330,5883,9430,2726,830,111094,222330,24683493,694,954,197530,25453,544608
2020-06-12,56,2036685,8639466,1783,29306,221376,6009,9373,2738,814,110400,221376,24138885,766,1376,228304,23141,623384
2020-06-11,56,2013544,8411162,1816,29850,220000,6075,9295,2885,792,109634,220000,23515501,896,1526,149629,21991,484979
2020-06-10,56,1991553,8261533,1737,30961,218474,6256,9225,3022,780,108738,218474,23030522,893,1239,168836,20880,482620
2020-06-09,56,1970673,8092697,1661,31179,217235,6453,9141,3088,771,107845,217235,22547902,886,1279,155350,16916,454850
2020-06-08,56,1953757,7937347,1606,31105,215956,6398,9013,3238,762,106959,215956,22093052,675,1071,132298,16923,405793
2020-06-07,56,1936834,7805049,1733,31490,214885,6501,8957,3298,753,106284,214885,21687259,447,655,188348,19056,434862
2020-06-06,56,1917778,7616701,1796,31994,214230,6762,8920,3476,750,105837,214230,21252397,714,989,224192,22746,557957
2020-06-05,56,1895032,7392509,1749,32502,213241,6921,8863,3520,740,105123,213241,20694440,835,1518,233592,23050,624244
2020-06-04,56,1871982,7158917,3474,32802,211723,7044,8787,3662,723,104288,211723,20070196,883,-2856,180430,20477,498869
2020-06-03,56,1851505,6978487,3556,33227,214579,7229,8688,3754,717,103405,214579,19571327,975,2145,185773,20182,504449
2020-06-02,56,1831323,6792714,4054,33956,212434,7410,8566,3854,710,102430,212434,19066878,971,1735,161590,19879,449048
2020-06-01,56,1811444,6631124,3455,34325,210699,7592,8485,3950,704,101459,210699,18617830,679,2862,158114,20101,419427
2020-05-31,56,1791343,6473010,3270,34925,207837,7625,8445,3669,704,100780,207837,18198403,655,895,147185,21641,430493
2020-05-30,56,1769702,6325825,1668,35759,206942,7960,8305,4008,698,100125,206942,17767910,923,1421,167649,23596,457174
2020-05-29,56,1746106,6158176,2978,36942,205521,8170,8235,4028,689,99202,205521,17310736,1174,1571,196292,23618,534228
2020-05-28,56,1722488,5961884,1906,38000,203950,8392,8109,4079,676,98028,203950,16776508,1235,1594,188257,22799,493996
2020-05-27,56,1699689,5773627,3132,38300,202356,8552,8015,4223,666,96793,202356,16282512,1335,1561,151062,19172,416554
2020-05-26,56,1680517,5622565,1549,37751,200795,8580,7899,4221,650,95458,200795,15865958,665,17287,112350,16690,315330
2020-05-25,56,1663827,5510215,3368,37703,183508,8467,7847,4232,642,94793,183508,15550628,556,898,167919,18555,408047
2020-05-24,56,1645272,5342296,3860,37742,182610,8491,7801,4380,639,94237,182610,15142581,688,1028,128061,19062,389319
2020-05-23,56,1626210,5214235,4084,38625,181582,8739,7770,4621,638,93549,181582,14753262,1040,1385,118220,22561,444574
2020-05-22,56,1603649,5096015,3709,40008,180197,9042,7689,4714,633,92509,180197,14308688,1290,3949,172853,24115,453783
2020-05-21,56,1579534,4923162,3641,41359,176248,9092,7412,4871,616,91219,176248,13854905,1380,4547,228097,26831,508832
2020-05-20,56,1552703,4695065,2973,41856,171701,9522,7319,4907,613,89839,171701,13346073,1397,1756,167279,21293,450292
2020-05-19,56,1531410,4527786,2944,42023,169945,9598,7217,5032,606,88442,169945,12895781,1317,1548,165975,20687,420506
2020-05-18,56,1510723,4361811,3596,41940,168397,9748,7064,5260,602,87125,168397,12475275,854,1132,127310,20597,349995
2020-05-17,56,1490126,4234501,3449,42019,167265,9945,7003,5467,593,86271,167265,12125280,873,1134,140015,20436,351153
2020-05-16,56,1469690,4094486,3788,43515,166131,10276,6945,5532,592,85398,166131,11774127,1237,1796,130077,23743,392591
2020-05-15,56,1445947,3964409,2457,44553,164335,10476,6890,5744,589,84161,164335,11381536,1538,1314,123836,25490,406415
2020-05-14,56,1420457,3840573,2673,45923,163021,10655,6795,5940,582,82623,163021,10975121,1853,3160,137271,26773,391455
2020-05-13,56,1393684,3703302,1983,46921,159861,10991,6713,6164,572,80770,159861,10583666,1730,1786,116695,21500,345138
2020-05-12,56,1372184,3586607,1803,47343,158075,11241,6585,6350,559,79040,158075,10238528,1509,1486,109273,22442,339232
2020-05-11,56,1349742,3477334,1989,46550,156589,11153,6488,6349,551,77531,156589,9899296,891,1374,207145,18140,374214
2020-05-10,56,1331602,3270189,3095,46735,155215,11382,6445,6392,547,76640,155215,9525082,1035,1043,93962,21116,275936
2020-05-09,56,1310486,3176227,3054,48581,154172,11504,6367,6550,543,75605,154172,9249146,1456,1680,111242,25320,323737
2020-05-08,56,1285166,3064985,3307,49770,152492,11786,6294,6793,531,74149,152492,8925409,1784,6230,104963,27197,312586
2020-05-07,56,1257969,2960022,3171,51445,146262,12135,5174,7067,529,72365,146262,8612823,2748,4191,93943,27229,330008
2020-05-06,56,1230740,2866079,2742,52609,142071,12480,4911,4758,449,69617,142071,8282815,1918,2154,89076,25256,284216
2020-05-05,56,1205484,2777003,2633,53164,139917,12620,4794,4810,439,67699,139917,7998599,2490,1932,104879,22344,278449
2020-05-04,56,1183140,2672124,2791,52375,137985,12701,4579,4852,430,65209,137985,7720150,1028,1765,89245,22195,236185
2020-05-03,56,1160945,2582879,2812,52623,136220,12724,4502,4762,425,64181,136220,7483965,1248,1855,95643,25789,240968
2020-05-02,56,1135156,2487236,1578,54008,134365,12904,4386,4846,375,62933,134365,7242997,1527,1995,79105,29196,272239
2020-05-01,56,1105960,2408131,1639,54897,132370,12861,4300,4712,376,61406,132370,6970758,1809,9874,104558,32808,285823
2020-04-30,56,1073152,2303573,2775,54905,122496,13246,4192,4708,373,59597,122496,6684935,2160,2382,81678,30046,275561
2020-04-29,56,1043106,2221895,4832,56009,120114,13550,4093,4803,365,57437,120114,6409374,2676,2946,87461,26176,256119
2020-04-28,56,1016930,2134434,4206,56034,117168,13562,3798,4760,252,54761,117168,6153255,2078,2014,69320,25234,216665
2020-04-27,56,991696,2065114,4077,56183,115154,13812,3720,4867,252,52683,115154,5936590,1290,2245,62965,22407,194539
2020-04-26,56,969289,2002149,4445,56161,112909,14093,2571,5119,227,51393,112909,5742051,1219,2215,75323,27314,205794
2020-04-25,56,941975,1926826,5315,57340,110694,14411,2516,5266,227,50174,110694,5536257,1629,2297,104803,35734,276303
2020-04-24,56,906241,1822023,4396,57370,108397,14623,2468,5194,227,48545,108397,5259954,1974,2388,83279,34226,245379
2020-04-23,56,872015,1738744,4258,59214,106009,14737,2428,5463,227,46571,106009,5014575,1809,2820,64842,31953,218113
2020-04-22,56,840062,1673902,4191,59207,103189,15016,2370,5474,227,44762,103189,4796462,2085,3086,-214153,29176,334406
2020-04-21,56,810886,1888055,3956,59779,100103,14945,2315,5514,214,42677,100103,4462056,2479,2736,63914,26039,166966
2020-04-20,56,784847,1824141,4037,56721,97367,14463,2193,5569,214,40198,97367,4295090,1816,2309,70851,25967,144633
2020-04-19,56,758880,1753290,11324,56497,95058,14385,2145,5603,214,38382,95058,4150457,1763,2177,69050,27523,148926
2020-04-18,56,731357,1684240,9906,57799,92881,14764,2096,5733,205,36619,92881,4001531,1895,3440,70405,27950,171880
2020-04-17,56,703407,1613835,10889,58892,89441,14910,2052,6098,187,34724,89441,3829651,2118,3366,69199,31984,172149
2020-04-16,56,671423,1544636,16927,59496,86075,15136,1834,5940,176,32606,86075,3657502,2194,3172,79739,31527,183046
2020-04-15,56,639896,1464897,16901,59930,82903,14639,1783,6033,223,30412,82903,3474456,2545,3502,57904,29983,149278
2020-04-14,56,609913,1406993,16615,59610,79401,14047,1715,5981,221,27867,79401,3325178,2352,3172,73584,25912,160255
2020-04-13,56,584001,1333409,17159,56211,76229,13605,1622,6170,208,25515,76229,3164923,1633,4491,58602,24252,125624
2020-04-12,56,559749,1274807,16419,55294,71738,13597,1449,5962,158,23882,71738,3039299,1700,3322,67738,28127,140609
2020-04-11,56,531622,1207069,16593,55563,68416,13293,1399,5986,152,22182,68416,2898690,2075,3735,62940,31282,158723
2020-04-10,56,500340,1144129,17435,53167,64681,12693,1179,5937,39,20107,64681,2739967,2083,4911,56160,33732,155676
2020-04-09,56,466608,1087969,17622,51323,59770,12445,918,5798,39,18024,59770,2584291,2051,3829,82730,34961,170558
2020-04-08,56,431647,1005239,17219,45359,55941,10276,862,4142,39,15973,55941,2413733,2003,4387,68030,30996,165594
2020-04-07,56,400651,937209,16548,43849,51554,9978,738,4047,43,13970,51554,2248139,2038,2931,78959,30430,170116
2020-04-06,56,370221,858250,17283,36159,48623,7079,663,2961,39,11932,48623,2078023,1314,2962,69818,28262,137710
2020-04-05,56,341959,788432,17303,32180,45661,5811,609,650,39,10618,45661,1940313,1342,3953,33778,25877,129555
2020-04-04,56,316082,754654,15569,30456,41708,5500,403,656,39,9276,41708,1810758,1478,4993,143471,33102,231172
2020-04-03,56,282980,611183,61976,25723,36715,4928,335,623,39,7798,36715,1579586,1287,4621,54867,31838,142351
2020-04-02,56,251142,556316,62097,22995,32094,4513,305,576,32,6511,32094,1437235,1175,4164,51001,28071,130666
2020-04-01,56,223071,505315,59665,20906,27930,3937,256,561,32,5336,27930,1306569,1006,4148,44838,26257,123021
2020-03-31,56,196814,460477,59518,18155,23782,3487,230,506,0,4330,23782,1183548,908,3995,44084,24947,114567
2020-03-30,56,171867,416393,65369,15892,19787,3087,187,449,0,3422,19787,1068981,585,2473,50637,21187,100592
2020-03-29,56,150680,365756,65545,14055,17314,2456,156,433,0,2837,17314,968389,505,2797,42230,19681,87451
2020-03-28,56,130999,323526,65709,12393,14517,2174,140,390,0,2332,14517,880938,551,2406,67866,19780,111615
2020-03-27,56,111219,255660,60091,10887,12111,1792,124,293,0,1781,12111,769323,410,2589,45279,19223,101375
2020-03-26,56,91996,210381,60251,7805,9522,1299,91,258,0,1371,9522,667948,313,2449,42610,17604,106554
2020-03-25,56,74392,167771,51235,5140,7073,0,74,167,0,1058,7073,561394,241,1954,33269,12636,82501
2020-03-24,56,61756,134502,14433,3938,5119,0,0,0,0,817,5119,478893,236,1186,33117,10883,86611
2020-03-23,56,50873,101385,14571,2812,3933,0,0,0,0,581,3933,392282,101,950,21323,11182,57311
2020-03-22,56,39691,80062,3275,2173,2983,0,0,0,0,480,2983,334971,145,962,12427,9229,52169
2020-03-21,56,30462,67635,3468,1492,2021,0,0,0,0,335,2021,282802,62,1849,16003,6940,52201
2020-03-20,56,23522,51632,3334,1042,172,0,0,0,0,273,172,230601,70,44,11704,6095,49507
2020-03-19,56,17427,39928,2940,617,128,0,0,0,0,203,128,181094,51,34,8359,4611,39211
2020-03-18,56,12816,31569,2349,416,94,0,0,0,0,152,94,141883,28,18,5452,3352,32127
2020-03-17,56,9464,26117,1685,325,76,0,0,0,0,124,76,109756,22,33,5027,2087,26768
2020-03-16,56,7377,21090,1734,0,43,0,0,0,0,102,43,82988,22,6,11462,1713,22954
2020-03-15,51,5664,9628,2174,0,37,0,0,0,0,80,37,60034,15,10,2571,1288,10202
2020-03-14,51,4376,7057,1236,0,27,0,0,0,0,65,27,49832,8,4,1616,1026,9816
2020-03-13,51,3350,5441,1035,0,23,0,0,0,0,57,23,40016,5,6,1149,845,9733
2020-03-12,51,2505,4292,673,0,17,0,0,0,0,52,17,30283,9,5,991,682,6683
2020-03-11,51,1823,3301,568,0,12,0,0,0,0,43,12,23600,6,3,1021,418,4447
2020-03-10,51,1405,2280,453,0,9,0,0,0,0,37,9,19153,2,0,494,385,3322
2020-03-09,51,1020,1786,315,0,9,0,0,0,0,35,9,15831,4,3,442,276,2055
2020-03-08,51,744,1344,334,0,6,0,0,0,0,31,6,13776,4,0,196,170,1130
2020-03-07,51,574,1148,521,0,6,0,0,0,0,27,6,12646,1,0,274,137,931
2020-03-06,40,437,874,482,0,6,0,0,0,0,26,6,11715,6,1,161,132,2177
2020-03-05,32,305,713,211,0,5,0,0,0,0,20,5,9538,4,1,132,65,1515
2020-03-04,26,240,581,106,0,4,0,0,0,0,16,4,8023,2,4,576,126,890
2020-03-03,16,114,5,0,0,0,0,0,0,0,14,0,7133,3,0,2,42,279
2020-03-02,12,72,3,0,0,0,0,0,0,0,11,0,6854,3,0,1,30,203
2020-03-01,11,42,2,0,0,0,0,0,0,0,8,0,6651,3,0,2,24,96
2020-02-29,8,18,0,0,0,0,0,0,0,0,5,0,6555,1,0,0,3,65
2020-02-28,7,15,0,0,0,0,0,0,0,0,4,0,6490,2,0,0,2,3
2020-02-27,7,13,0,0,0,0,0,0,0,0,2,0,6487,0,0,0,1,6446
2020-02-26,6,12,0,0,0,0,0,0,0,0,2,0,41,2,0,0,2,0
2020-02-25,6,10,0,0,0,0,0,0,0,0,0,0,41,0,0,0,1,1
2020-02-24,6,9,0,0,0,0,0,0,0,0,0,0,40,0,0,0,1,2
2020-02-23,6,8,0,0,0,0,0,0,0,0,0,0,38,0,0,0,1,0
2020-02-22,6,7,0,0,0,0,0,0,0,0,0,0,38,0,0,0,0,1
2020-02-21,6,7,0,0,0,0,0,0,0,0,0,0,37,0,0,0,0,1
2020-02-20,6,7,0,0,0,0,0,0,0,0,0,0,36,0,0,0,0,1
2020-02-19,6,7,0,0,0,0,0,0,0,0,0,0,35,0,0,0,0,6
2020-02-18,6,7,0,0,0,0,0,0,0,0,0,0,29,0,0,0,0,0
2020-02-17,6,7,0,0,0,0,0,0,0,0,0,0,29,0,0,0,0,1
2020-02-16,6,7,0,0,0,0,0,0,0,0,0,0,28,0,0,0,0,2
2020-02-15,6,7,0,0,0,0,0,0,0,0,0,0,26,0,0,0,0,4
2020-02-14,5,7,0,0,0,0,0,0,0,0,0,0,22,0,0,0,1,0
2020-02-13,5,6,0,0,0,0,0,0,0,0,0,0,22,0,0,0,1,1
2020-02-12,5,5,0,0,0,0,0,0,0,0,0,0,21,0,0,0,0,1
2020-02-11,5,5,0,0,0,0,0,0,0,0,0,0,20,0,0,0,0,1
2020-02-10,5,5,0,0,0,0,0,0,0,0,0,0,19,0,0,0,0,1
2020-02-09,4,5,0,0,0,0,0,0,0,0,0,0,18,0,0,0,0,0
2020-02-08,4,5,0,0,0,0,0,0,0,0,0,0,18,0,0,0,0,2
2020-02-07,4,5,0,0,0,0,0,0,0,0,0,0,16,0,0,0,0,0
2020-02-06,4,5,0,0,0,0,0,0,0,0,0,0,16,0,0,0,2,1
2020-02-05,4,3,0,0,0,0,0,0,0,0,0,0,15,0,0,0,0,0
2020-02-04,4,3,0,0,0,0,0,0,0,0,0,0,15,0,0,0,0,4
2020-02-03,4,3,0,0,0,0,0,0,0,0,0,0,11,0,0,0,1,3
2020-02-02,4,2,0,0,0,0,0,0,0,0,0,0,8,0,0,0,0,0
2020-02-01,4,2,0,0,0,0,0,0,0,0,0,0,8,0,0,0,0,0
2020-01-31,4,2,0,0,0,0,0,0,0,0,0,0,8,0,0,0,0,3
2020-01-30,4,2,0,0,0,0,0,0,0,0,0,0,5,0,0,0,0,0
2020-01-29,4,2,0,0,0,0,0,0,0,0,0,0,5,0,0,0,0,2
2020-01-28,3,2,0,0,0,0,0,0,0,0,0,0,3,0,0,0,0,0
2020-01-27,3,2,0,0,0,0,0,0,0,0,0,0,3,0,0,0,0,1
2020-01-26,2,2,0,0,0,0,0,0,0,0,0,0,2,0,0,0,0,0
2020-01-25,2,2,0,0,0,0,0,0,0,0,0,0,2,0,0,0,0,0
2020-01-24,2,2,0,0,0,0,0,0,0,0,0,0,2,0,0,0,0,0
2020-01-23,2,2,0,0,0,0,0,0,0,0,0,0,2,0,0,0,0,1
2020-01-22,2,2,0,0,0,0,0,0,0,0,0,0,1,0,0,0,0,1
2020-01-21,1,2,0,0,0,0,0,0,0,0,0,0,0,0,0,0,1,0
2020-01-20,1,1,0,0,0,0,0,0,0,0,0,0,0,0,0,0,0,0
2020-01-19,1,1,0,0,0,0,0,0,0,0,0,0,0,0,0,0,1,0
2020-01-18,1,0,0,0,0,0,0,0,0,0,0,0,0,0,0,0,0,0
2020-01-17,1,0,0,0,0,0,0,0,0,0,0,0,0,0,0,0,0,0
2020-01-16,1,0,0,0,0,0,0,0,0,0,0,0,0,0,0,0,0,0
2020-01-15,1,0,0,0,0,0,0,0,0,0,0,0,0,0,0,0,0,0
2020-01-14,1,0,0,0,0,0,0,0,0,0,0,0,0,0,0,0,0,0
2020-01-13,1,0,0,0,0,0,0,0,0,0,0,0,0,0,0,0,0,0
